Q27231029	Q36180
Q27231029	Q1234713
Q27231029	Q733786
Q2891791	Q49757
Q2891791	Q201788
Q2891791	Q36180
Q171677	Q4964182
Q171677	Q169470
Q171677	Q1234713
Q171677	Q14915627
Q171677	Q16031530
Q171677	Q155647
Q171677	Q15954519
Q171677	Q333634
Q171677	Q205375
Q171677	Q170790
Q171677	Q36180
Q330515	Q201788
Q330515	Q36180
Q12093928	Q36180
Q12093928	Q82955
Q12093928	Q201788
Q30333074	Q36180
Q10891032	Q36180
Q10891032	Q333634
Q17016698	Q36180
Q17016698	Q864380
Q88013803	Q36180
Q535060	Q14467526
Q535060	Q451286
Q535060	Q36180
Q38294	Q36180
Q38294	Q333634
Q38294	Q1234713
Q38294	Q1622272
Q38294	Q201788
Q38294	Q49757
Q38294	Q185351
Q317554	Q1234713
Q317554	Q4964182
Q317554	Q36180
Q250321	Q49757
Q250321	Q36180
Q250321	Q333634
Q7254427	Q36180
Q355903	Q4964182
Q355903	Q36180
Q355903	Q1234713
Q718552	Q82955
Q718552	Q36180
Q718552	Q49757
Q18671361	Q733786
Q18671361	Q36180
Q18671361	Q733786
Q7359222	Q11063
Q7359222	Q155647
Q7359222	Q36180
Q58821112	Q36180
Q88590070	Q733786
Q88590070	Q36180
Q107183	Q1234713
Q107183	Q1622272
Q107183	Q36180
Q107183	Q2374149
Q107183	Q1231865
Q107183	Q49757
Q2840364	Q4504549
Q2840364	Q1234713
Q2840364	Q36180
Q28761	Q36180
Q28761	Q333634
Q28761	Q4964182
Q117759	Q219477
Q117759	Q36180
Q163079	Q49757
Q163079	Q36180
Q1048	Q12859263
Q1048	Q11774156
Q1048	Q1097498
Q1048	Q99899510
Q1048	Q49757
Q1048	Q3409374
Q1048	Q97667506
Q1048	Q98103687
Q1048	Q82955
Q1048	Q1402561
Q1048	Q36180
Q1048	Q201788
Q24024000	Q1104153
Q24024000	Q1104153
Q24024000	Q36180
Q174929	Q36180
Q174929	Q1234713
Q174929	Q4964182
Q77418	Q551835
Q77418	Q49757
Q77418	Q36180
Q77418	Q193391
Q77418	Q39631
Q701046	Q36180
Q2471187	Q201788
Q2471187	Q121594
Q2471187	Q36180
Q2471187	Q333634
Q1435318	Q4504549
Q1435318	Q36180
Q689146	Q1234713
Q689146	Q36180
Q43939	Q4964182
Q43939	Q1234713
Q43939	Q1469535
Q43939	Q49476
Q43939	Q36180
Q3779833	Q36180
Q3779833	Q451286
Q3779833	Q15991187
Q3779833	Q25393460
Q105954063	Q1636680
Q105954063	Q36180
Q105954063	Q201788
Q105954063	Q3621491
Q7576343	Q36180
Q3413678	Q733786
Q3413678	Q49757
Q3413678	Q452189
Q3413678	Q36180
Q7921195	Q49757
Q7921195	Q36180
Q85512082	Q36180
Q193769	Q1231865
Q193769	Q361809
Q193769	Q49757
Q193769	Q40348
Q193769	Q37226
Q193769	Q36180
Q88019316	Q15991187
Q88019316	Q36180
Q1553784	Q36180
Q1553784	Q830337
Q1553784	Q250867
Q318254	Q201788
Q318254	Q2468727
Q318254	Q4964182
Q318254	Q333634
Q318254	Q36180
Q10882562	Q36180
Q10882562	Q1104153
Q10882562	Q1234713
Q10882562	Q42603
Q10882562	Q185351
Q512544	Q42603
Q512544	Q36180
Q512544	Q12027957
Q1541662	Q201788
Q1541662	Q36180
Q3624821	Q36180
Q88016864	Q733786
Q88016864	Q36180
Q1241376	Q185351
Q1241376	Q36180
Q1241376	Q49757
Q1241376	Q97667506
Q89121619	Q36180
Q65557138	Q36180
Q6119980	Q36180
Q6119980	Q6673651
Q6119980	Q49757
Q6119980	Q13570226
Q6119980	Q13418253
Q297783	Q36180
Q297783	Q49757
Q297783	Q97667506
Q297783	Q98103687
Q518973	Q250867
Q518973	Q49476
Q518973	Q36180
Q88120856	Q98833890
Q88120856	Q36180
Q469199	Q36180
Q469199	Q1234713
Q469199	Q250867
Q469199	Q19829990
Q469199	Q4964182
Q311287	Q49757
Q311287	Q214917
Q311287	Q36180
Q471723	Q17167049
Q471723	Q49757
Q471723	Q36180
Q471723	Q1622272
Q2696078	Q201788
Q2696078	Q42603
Q2696078	Q831474
Q2696078	Q36180
Q170512	Q36180
Q170512	Q4964182
Q170512	Q6625963
Q170512	Q49757
Q170512	Q361809
Q170512	Q39631
Q4485272	Q36180
Q4485272	Q49757
Q44934	Q17166634
Q44934	Q49757
Q44934	Q36180
Q1241433	Q185351
Q1241433	Q82955
Q1241433	Q47064
Q1241433	Q36180
Q16497918	Q214917
Q16497918	Q49757
Q16497918	Q36180
Q1000507	Q201788
Q1000507	Q36180
Q1000507	Q733786
Q3107187	Q49757
Q3107187	Q1636680
Q3107187	Q1231865
Q3107187	Q36180
Q3107187	Q185351
Q1230607	Q36180
Q1230607	Q49757
Q18945778	Q36180
Q2781945	Q42603
Q2781945	Q1104153
Q2781945	Q36180
Q676775	Q1234713
Q676775	Q36180
Q676775	Q733786
Q676775	Q98833890
Q676775	Q42603
Q676775	Q14467526
Q676775	Q49757
Q1116711	Q36180
Q319653	Q733786
Q319653	Q219477
Q319653	Q36180
Q538564	Q49757
Q538564	Q36180
Q538564	Q47064
Q3299494	Q36180
Q3299494	Q1622272
Q3299494	Q4964182
Q5626	Q201788
Q5626	Q36180
Q676555	Q49757
Q676555	Q25393460
Q676555	Q24262594
Q676555	Q36180
Q676555	Q432386
Q676555	Q219477
Q676555	Q2138822
Q676555	Q105200154
Q676555	Q4479442
Q676555	Q542704
Q676555	Q1234713
Q676555	Q12328016
Q117075386	Q36180
Q1340193	Q49757
Q1340193	Q250867
Q1340193	Q10873124
Q1340193	Q36180
Q312372	Q4964182
Q312372	Q170790
Q312372	Q11063
Q312372	Q333634
Q312372	Q36180
Q312372	Q155647
Q1133857	Q36180
Q1133857	Q4964182
Q88022717	Q36180
Q314488	Q4964182
Q314488	Q36180
Q314488	Q333634
Q314488	Q201788
Q314488	Q82955
Q314488	Q10527030
Q314488	Q916292
Q347010	Q42603
Q347010	Q36180
Q48749074	Q36180
Q48749074	Q42603
Q48749074	Q189829
Q317055	Q36180
Q317055	Q82955
Q317055	Q49757
Q317055	Q40348
Q317055	Q4964182
Q317055	Q3589290
Q317055	Q47064
Q317055	Q185351
Q345524	Q201788
Q345524	Q36180
Q345524	Q733786
Q670338	Q361809
Q670338	Q36180
Q551668	Q49757
Q551668	Q36180
Q551668	Q12859263
Q655618	Q36180
Q655618	Q49757
Q655618	Q214917
Q655618	Q333634
Q655618	Q2259532
Q6067560	Q36180
Q3284978	Q36180
Q3284978	Q12859263
Q1040234	Q250867
Q1040234	Q12027957
Q1040234	Q36180
Q85512421	Q733786
Q85512421	Q36180
Q465322	Q36180
Q465322	Q42603
Q465322	Q49757
Q355720	Q36180
Q355720	Q82955
Q355720	Q47064
Q355720	Q12859263
Q355720	Q372436
Q3680565	Q36180
Q3680565	Q18916625
Q3680565	Q17598791
Q5630	Q36180
Q5630	Q3330547
Q5630	Q208762
Q5630	Q201788
Q519232	Q49757
Q519232	Q36180
Q713373	Q36180
Q713373	Q161944
Q686169	Q733786
Q686169	Q36180
Q686169	Q250867
Q686169	Q3330547
Q686169	Q333634
Q19894737	Q39631
Q19894737	Q18120029
Q19894737	Q36180
Q266447	Q201788
Q266447	Q36180
Q266447	Q42603
Q994018	Q1234713
Q994018	Q250867
Q994018	Q36180
Q172377	Q82955
Q172377	Q2259532
Q172377	Q250867
Q172377	Q36180
Q5490755	Q49757
Q5490755	Q36180
Q683317	Q49757
Q683317	Q36180
Q949224	Q2478141
Q949224	Q36180
Q538267	Q333634
Q538267	Q42603
Q538267	Q36180
Q538267	Q4964182
Q1133783	Q36180
Q510621	Q49757
Q510621	Q36180
Q3571438	Q201788
Q3571438	Q82955
Q3571438	Q36180
Q3571438	Q1930187
Q3571438	Q49757
Q454652	Q1234713
Q454652	Q201788
Q454652	Q36180
Q11221177	Q42603
Q11221177	Q49476
Q11221177	Q36180
Q28441319	Q15991187
Q28441319	Q451286
Q28441319	Q36180
Q2514828	Q39631
Q2514828	Q36180
Q428905	Q201788
Q428905	Q36180
Q428905	Q864380
Q428905	Q250867
Q65337	Q14467526
Q65337	Q36180
Q65337	Q16267607
Q65337	Q1622272
Q65337	Q4263842
Q65337	Q2468727
Q1430	Q82955
Q1430	Q4964182
Q1430	Q36180
Q644086	Q39631
Q644086	Q36180
Q644086	Q5983472
Q2574348	Q36180
Q8797	Q49757
Q8797	Q36180
Q353058	Q170790
Q353058	Q42603
Q353058	Q36180
Q353058	Q1234713
Q1383306	Q4964182
Q1383306	Q1234713
Q1383306	Q36180
Q1383306	Q24387326
Q373675	Q201788
Q373675	Q36180
Q373675	Q1234713
Q373675	Q250867
Q3372687	Q17166634
Q3372687	Q36180
Q3372687	Q3315492
Q131548	Q201788
Q131548	Q36180
Q85610482	Q36180
Q3389798	Q42603
Q3389798	Q4964182
Q3389798	Q1104153
Q3389798	Q36180
Q85511905	Q49476
Q85511905	Q36180
Q947108	Q201788
Q947108	Q36180
Q3782346	Q36180
Q3782346	Q40348
Q105895	Q49757
Q105895	Q4964182
Q105895	Q1234713
Q105895	Q1622272
Q105895	Q36180
Q223615	Q14467526
Q223615	Q451286
Q223615	Q36180
Q223615	Q15991187
Q709628	Q99899510
Q709628	Q333634
Q709628	Q36180
Q709628	Q98103687
Q2351792	Q250867
Q2351792	Q1234713
Q2351792	Q36180
Q220976	Q1234713
Q220976	Q36180
Q220976	Q4964182
Q220976	Q250867
Q220976	Q49757
Q644057	Q733786
Q644057	Q36180
Q644057	Q42603
Q472077	Q49757
Q472077	Q36180
Q384698	Q49757
Q384698	Q36180
Q384698	Q1622272
Q3623639	Q36180
Q3623639	Q831474
Q3623639	Q201788
Q212667	Q49757
Q212667	Q214917
Q212667	Q36180
Q642704	Q36180
Q994039	Q3330547
Q994039	Q2259532
Q994039	Q36180
Q1456681	Q1237385
Q1456681	Q36180
Q3761958	Q49757
Q3761958	Q548320
Q3761958	Q36180
Q15431115	Q36180
Q15431115	Q3330547
Q15431115	Q49757
Q164923	Q2664701
Q164923	Q82955
Q164923	Q36180
Q8039193	Q733786
Q8039193	Q36180
Q4298	Q36180
Q4298	Q47064
Q4298	Q49757
Q4298	Q201788
Q4298	Q39631
Q4298	Q599151
Q1215347	Q36180
Q1215347	Q333634
Q949309	Q49757
Q949309	Q36180
Q316123	Q40348
Q316123	Q82955
Q316123	Q49757
Q316123	Q36180
Q316123	Q47064
Q316123	Q201788
Q3229149	Q250867
Q3229149	Q49476
Q3229149	Q36180
Q332785	Q49757
Q332785	Q36180
Q332785	Q4964182
Q47307825	Q36180
Q810973	Q36180
Q5194153	Q17598791
Q5194153	Q36180
Q4340	Q4964182
Q4340	Q36180
Q10133	Q36180
Q10133	Q201788
Q10133	Q80687
Q10133	Q864380
Q10133	Q49757
Q10133	Q5697103
Q1597702	Q756215
Q1597702	Q633730
Q1597702	Q36180
Q431324	Q36180
Q431324	Q201788
Q431324	Q1423891
Q431324	Q1104153
Q19587867	Q36180
Q21545848	Q36180
Q21545848	Q17598791
Q21545848	Q42603
Q21545848	Q13418253
Q21545848	Q1234713
Q21545848	Q1231865
Q95298	Q250867
Q95298	Q193391
Q95298	Q36180
Q3607110	Q4504549
Q3607110	Q36180
Q316090	Q49757
Q316090	Q36180
Q104553043	Q36180
Q25391116	Q3315492
Q25391116	Q733786
Q25391116	Q36180
Q675974	Q733786
Q675974	Q36180
Q3567996	Q36180
Q3567996	Q4504549
Q3567996	Q1234713
Q378549	Q36180
Q378549	Q1234713
Q379941	Q49757
Q379941	Q201788
Q379941	Q11774202
Q379941	Q36834
Q379941	Q333634
Q379941	Q36180
Q379941	Q214917
Q379941	Q21166956
Q2042376	Q36180
Q2042376	Q333634
Q180081	Q36180
Q180081	Q99899510
Q180081	Q188094
Q180081	Q49757
Q180081	Q97667506
Q180081	Q4964182
Q342416	Q36180
Q342416	Q4964182
Q24952357	Q13418253
Q24952357	Q333634
Q24952357	Q36180
Q24952357	Q49757
Q24952357	Q1622272
Q24952357	Q1636680
Q3713864	Q733786
Q3713864	Q864380
Q3713864	Q36180
Q1164905	Q14467526
Q1164905	Q36180
Q1164905	Q15991187
Q436034	Q185351
Q436034	Q82955
Q436034	Q40348
Q436034	Q36180
Q548981	Q201788
Q548981	Q733786
Q548981	Q36180
Q82778	Q36180
Q82778	Q201788
Q82778	Q18805
Q82778	Q47064
Q82778	Q49757
Q82778	Q4964182
Q82778	Q1792450
Q82778	Q212238
Q82778	Q11545923
Q261992	Q1234713
Q261992	Q42603
Q261992	Q36180
Q649327	Q17166634
Q649327	Q49757
Q649327	Q36180
Q85512133	Q36180
Q85512124	Q998628
Q85512124	Q36180
Q11935164	Q47064
Q11935164	Q185351
Q11935164	Q201788
Q11935164	Q36180
Q47130	Q49757
Q47130	Q214917
Q47130	Q36180
Q47130	Q99899510
Q47130	Q67102720
Q559219	Q36180
Q559219	Q17166634
Q559219	Q1664338
Q559219	Q250867
Q3142555	Q42603
Q3142555	Q36180
Q809391	Q36180
Q809391	Q201788
Q559878	Q49757
Q559878	Q36180
Q316083	Q11900058
Q316083	Q193391
Q316083	Q36180
Q316083	Q219477
Q316083	Q4504549
Q316083	Q3579035
Q316083	Q1731155
Q4084893	Q36180
Q4084893	Q49757
Q4084893	Q201788
Q17166883	Q36180
Q705395	Q250867
Q705395	Q36180
Q731681	Q49757
Q731681	Q36180
Q731681	Q250867
Q731681	Q1234713
Q731681	Q17166634
Q16268126	Q36180
Q2441699	Q36180
Q13410930	Q36180
Q13410930	Q361809
Q1636000	Q36180
Q1636000	Q725440
Q15443387	Q1104153
Q15443387	Q615514
Q15443387	Q36180
Q15443387	Q1234713
Q192374	Q4964182
Q192374	Q333634
Q192374	Q2259532
Q192374	Q155647
Q192374	Q49757
Q192374	Q36180
Q192374	Q39631
Q88023746	Q36180
Q799960	Q36180
Q799960	Q201788
Q799960	Q548320
Q55227549	Q17598791
Q55227549	Q13418253
Q55227549	Q36180
Q310076	Q2135469
Q310076	Q36180
Q1491994	Q36180
Q1491994	Q49757
Q1491994	Q361809
Q85512065	Q36180
Q3173225	Q39631
Q3173225	Q1781198
Q3173225	Q36180
Q3173225	Q333634
Q85512284	Q733786
Q85512284	Q36180
Q336704	Q201788
Q336704	Q17166634
Q336704	Q36180
Q336704	Q40348
Q7990181	Q36180
Q740977	Q82955
Q740977	Q185351
Q740977	Q36180
Q2784355	Q2378979
Q2784355	Q36180
Q2784355	Q16314501
Q2784355	Q201788
Q2784355	Q1104153
Q6313098	Q82955
Q6313098	Q49757
Q6313098	Q3330547
Q6313098	Q36180
Q6313098	Q185351
Q246000	Q250867
Q246000	Q36180
Q532018	Q250867
Q532018	Q36180
Q154751	Q170790
Q154751	Q11063
Q154751	Q193391
Q154751	Q4964182
Q154751	Q36180
Q154751	Q1423891
Q154751	Q250867
Q154751	Q1234713
Q154751	Q185351
Q154751	Q82955
Q1001947	Q36180
Q1001947	Q82955
Q1001947	Q451286
Q11923546	Q201788
Q11923546	Q36180
Q885446	Q49757
Q885446	Q36180
Q885446	Q42603
Q336571	Q49757
Q336571	Q36180
Q66134384	Q36180
Q4531640	Q36180
Q4531640	Q99899510
Q5483983	Q1930187
Q5483983	Q36180
Q96077	Q201788
Q96077	Q36180
Q61914	Q250867
Q61914	Q36180
Q2855302	Q36180
Q2855302	Q451286
Q2855302	Q185351
Q924107	Q250867
Q924107	Q36180
Q924107	Q2109894
Q924107	Q250867
Q317911	Q42603
Q317911	Q36180
Q47154	Q49757
Q47154	Q4964182
Q47154	Q36180
Q868078	Q36180
Q868078	Q551835
Q4323	Q3330547
Q4323	Q201788
Q4323	Q36180
Q944557	Q42603
Q944557	Q36180
Q41569767	Q1234713
Q41569767	Q36180
Q7254416	Q36180
Q583119	Q1234713
Q583119	Q42603
Q583119	Q121594
Q583119	Q4964182
Q583119	Q36180
Q55874870	Q36180
Q647314	Q2109894
Q647314	Q201788
Q647314	Q36180
Q1134021	Q42603
Q1134021	Q1622272
Q1134021	Q36180
Q1134021	Q1234713
Q507036	Q4964182
Q507036	Q36180
Q507036	Q49757
Q561737	Q185351
Q561737	Q36180
Q561737	Q40348
Q175042	Q4964182
Q175042	Q36180
Q175042	Q155647
Q175042	Q97667506
Q85512772	Q2566598
Q85512772	Q36180
Q15410622	Q121594
Q15410622	Q36180
Q15410622	Q37226
Q4177445	Q49757
Q4177445	Q36180
Q365835	Q1234713
Q365835	Q1743122
Q365835	Q36180
Q365835	Q333634
Q365835	Q733786
Q365835	Q201788
Q375998	Q49757
Q375998	Q333634
Q375998	Q36180
Q375998	Q4263842
Q2834858	Q42603
Q2834858	Q193391
Q2834858	Q36180
Q2834858	Q40348
Q8817	Q49757
Q8817	Q36180
Q8817	Q82955
Q1401	Q4964182
Q1401	Q49757
Q1401	Q333634
Q1401	Q822146
Q1401	Q36180
Q1401	Q9149093
Q1401	Q18814623
Q1401	Q13418253
Q1401	Q10527030
Q570452	Q42603
Q570452	Q36180
Q1539541	Q4504549
Q1539541	Q36180
Q712214	Q733786
Q712214	Q36180
Q712214	Q1234713
Q43375759	Q36180
Q532684	Q36180
Q532684	Q201788
Q532684	Q1234713
Q67841	Q17166634
Q67841	Q36180
Q67841	Q201788
Q67841	Q250867
Q598727	Q250867
Q598727	Q36180
Q3398151	Q49757
Q3398151	Q36180
Q3109731	Q4964182
Q3109731	Q1234713
Q3109731	Q36180
Q170303	Q193391
Q170303	Q2259532
Q170303	Q250867
Q170303	Q36180
Q1081211	Q36180
Q1081211	Q516463
Q1081211	Q1734662
Q1081211	Q14972848
Q1081211	Q270141
Q1081211	Q49757
Q1121669	Q1234713
Q1121669	Q36180
Q3198512	Q42603
Q3198512	Q733786
Q3198512	Q36180
Q3826790	Q36180
Q3826790	Q831474
Q1662957	Q42603
Q1662957	Q4964182
Q1662957	Q36180
Q978985	Q250867
Q978985	Q201788
Q978985	Q36180
Q85511849	Q36180
Q85511849	Q1234713
Q749487	Q201788
Q749487	Q36180
Q749487	Q49757
Q749487	Q733786
Q678333	Q82955
Q678333	Q36180
Q5631	Q36180
Q274091	Q733786
Q274091	Q170790
Q274091	Q333634
Q274091	Q12027957
Q274091	Q36180
Q669044	Q4964182
Q669044	Q36180
Q1402	Q15949613
Q1402	Q49757
Q1402	Q193391
Q1402	Q333634
Q1402	Q864380
Q1402	Q24387326
Q1402	Q36180
Q41149759	Q3330547
Q41149759	Q499134
Q41149759	Q733786
Q41149759	Q36180
Q85512060	Q36180
Q108063293	Q36180
Q108063293	Q201788
Q85512099	Q36180
Q316483	Q201788
Q316483	Q49757
Q316483	Q36180
Q596910	Q250867
Q596910	Q49757
Q596910	Q36180
Q3388211	Q10527030
Q3388211	Q36180
Q3388211	Q49757
Q1232604	Q36180
Q1232604	Q201788
Q39454	Q36180
Q39454	Q49757
Q39454	Q40348
Q66853	Q4964182
Q66853	Q36180
Q66853	Q1234713
Q372100	Q49757
Q372100	Q97667506
Q372100	Q36180
Q1432518	Q42603
Q1432518	Q1238570
Q1432518	Q36180
Q948114	Q99899510
Q948114	Q36180
Q948114	Q49757
Q948114	Q67102720
Q85511910	Q36180
Q3615780	Q36180
Q3615780	Q13418253
Q166876	Q36180
Q166876	Q14915627
Q166876	Q4964182
Q166876	Q16031530
Q166876	Q250867
Q166876	Q201788
Q166876	Q270141
Q304832	Q250867
Q304832	Q36180
Q64941943	Q36180
Q450192	Q36180
Q450192	Q201788
Q1228531	Q49757
Q1228531	Q36180
Q109244	Q1234713
Q109244	Q201788
Q109244	Q36180
Q109244	Q901402
Q2638879	Q36180
Q2638879	Q49757
Q2012329	Q42603
Q2012329	Q36180
Q2012329	Q725440
Q609201	Q11063
Q609201	Q49757
Q609201	Q37226
Q609201	Q42603
Q609201	Q36180
Q8018	Q4964182
Q8018	Q1234713
Q8018	Q18814623
Q8018	Q16031530
Q8018	Q432386
Q8018	Q201788
Q8018	Q49757
Q8018	Q831474
Q8018	Q36180
Q8018	Q250867
Q3768443	Q36180
Q3768443	Q193391
Q143854	Q36180
Q3766372	Q49757
Q3766372	Q4263842
Q3766372	Q11774202
Q3766372	Q82955
Q3766372	Q36180
Q3766372	Q1622272
Q3766372	Q13418253
Q3766372	Q487596
Q3766372	Q1930187
Q3766372	Q8178443
Q1491473	Q36180
Q1491473	Q3409374
Q1491473	Q97667506
Q1491473	Q98103687
Q435942	Q201788
Q435942	Q36180
Q435942	Q250867
Q435942	Q3330547
Q942414	Q1234713
Q942414	Q4964182
Q942414	Q1622272
Q942414	Q36180
Q651657	Q1469535
Q651657	Q36180
Q761023	Q1622272
Q761023	Q36180
Q761023	Q49757
Q761023	Q2468727
Q761023	Q16267607
Q11813224	Q36180
Q11813224	Q3315492
Q56006638	Q49757
Q56006638	Q36180
Q1362875	Q831474
Q1362875	Q36180
Q313460	Q333634
Q313460	Q2566598
Q313460	Q250867
Q313460	Q1234713
Q313460	Q3330547
Q313460	Q49476
Q313460	Q36180
Q19060329	Q250867
Q19060329	Q3330547
Q19060329	Q36180
Q8809	Q49757
Q8809	Q36180
Q47180	Q36180
Q47180	Q82955
Q47180	Q47064
Q47180	Q49757
Q47180	Q4964182
Q708247	Q4964182
Q708247	Q1234713
Q708247	Q36180
Q313795	Q2109894
Q313795	Q36180
Q313795	Q1234713
Q3207287	Q36180
Q585422	Q18805
Q585422	Q36180
Q585422	Q744738
Q585422	Q16271261
Q102878151	Q36180
Q268107	Q1234713
Q268107	Q37226
Q268107	Q36180
Q317098	Q1234713
Q317098	Q4964182
Q317098	Q250867
Q317098	Q185351
Q317098	Q49476
Q317098	Q36180
Q317098	Q733786
Q772539	Q36180
Q772539	Q97667506
Q24013788	Q36180
Q11816050	Q36180
Q1054504	Q733786
Q1054504	Q36180
Q311822	Q201788
Q311822	Q42603
Q311822	Q36180
Q311822	Q49476
Q55132782	Q36180
Q4387115	Q36180
Q4387115	Q47038929
Q4893244	Q740369
Q4893244	Q36180
Q1359348	Q17166634
Q1359348	Q36180
Q1359348	Q201788
Q3460230	Q17166634
Q3460230	Q733786
Q3460230	Q36180
Q352684	Q49757
Q352684	Q36180
Q352684	Q155647
Q124775	Q12027957
Q124775	Q36180
Q124775	Q1469535
Q4827326	Q36180
Q273671	Q36180
Q273671	Q361809
Q273671	Q49757
Q273671	Q4964182
Q273671	Q201788
Q247137	Q36180
Q247137	Q49757
Q247137	Q451286
Q4224038	Q36180
Q4224038	Q49757
Q4224038	Q12144794
Q259531	Q36180
Q66133212	Q36180
Q656891	Q4964182
Q656891	Q82955
Q656891	Q47064
Q656891	Q36180
Q537595	Q36180
Q537595	Q548320
Q266239	Q49757
Q266239	Q36180
Q29545181	Q36180
Q29545181	Q49757
Q29545181	Q4964182
Q29545181	Q1622272
Q964903	Q733786
Q964903	Q4964182
Q964903	Q36180
Q984681	Q49757
Q984681	Q333634
Q984681	Q182436
Q984681	Q36180
Q17294873	Q361809
Q17294873	Q15991187
Q17294873	Q36180
Q17294873	Q201788
Q17294873	Q12859263
Q1283657	Q733786
Q1283657	Q36180
Q1283657	Q201788
Q1283657	Q3330547
Q1283657	Q49757
Q1283657	Q1234713
Q1243817	Q36180
Q1243817	Q361809
Q139475	Q36180
Q85512022	Q36180
Q134646	Q2259532
Q134646	Q250867
Q134646	Q36180
Q544378	Q36180
Q615260	Q4964182
Q615260	Q36180
Q615260	Q1234713
Q1226908	Q36180
Q1226908	Q451286
Q2527739	Q36180
Q2527739	Q14467526
Q2527739	Q15991187
Q712257	Q1234713
Q712257	Q4964182
Q712257	Q42603
Q712257	Q201788
Q712257	Q36180
Q712257	Q49476
Q7966529	Q49757
Q7966529	Q36180
Q216692	Q36180
Q216692	Q4964182
Q216692	Q214917
Q216692	Q201788
Q216692	Q11774202
Q216692	Q18814623
Q216692	Q6625963
Q216692	Q28389
Q216692	Q1622272
Q216692	Q49757
Q554387	Q4964182
Q554387	Q36180
Q554387	Q49757
Q729244	Q4964182
Q729244	Q36180
Q1229700	Q14972848
Q1229700	Q14467526
Q1229700	Q201788
Q1229700	Q1622272
Q1229700	Q36180
Q1229700	Q49757
Q182046	Q4964182
Q182046	Q14467526
Q182046	Q15442776
Q182046	Q49757
Q182046	Q42973
Q182046	Q17391659
Q182046	Q16031530
Q182046	Q14915627
Q182046	Q1281618
Q182046	Q36180
Q182046	Q1708232
Q182046	Q1028181
Q182046	Q170790
Q182046	Q214917
Q182046	Q765778
Q182046	Q901
Q182046	Q483501
Q182046	Q17391638
Q182046	Q10527030
Q182046	Q599151
Q182046	Q2066131
Q1004630	Q36180
Q1004630	Q56033776
Q1835050	Q2089763
Q1835050	Q477406
Q1835050	Q3330547
Q1835050	Q36180
Q2658339	Q451286
Q2658339	Q36180
Q2658339	Q15991187
Q21511754	Q36180
Q239820	Q11900058
Q239820	Q36180
Q239820	Q219477
Q239820	Q733786
Q104553418	Q201788
Q104553418	Q36180
Q23012360	Q36180
Q5925848	Q42603
Q5925848	Q36180
Q5925848	Q49757
Q435163	Q36180
Q435163	Q49757
Q435163	Q97667506
Q435163	Q98103687
Q3112766	Q182436
Q3112766	Q14915627
Q3112766	Q16267607
Q3112766	Q16031530
Q3112766	Q18120029
Q3112766	Q1104153
Q3112766	Q2468727
Q3112766	Q2341443
Q3112766	Q36180
Q454995	Q14972848
Q454995	Q36180
Q454995	Q49757
Q722296	Q733786
Q722296	Q36180
Q722296	Q201788
Q3074346	Q1234713
Q3074346	Q36180
Q3074346	Q161944
Q85511898	Q36180
Q109594	Q99899510
Q109594	Q36180
Q109594	Q864380
Q109594	Q49757
Q109594	Q201788
Q205947	Q49757
Q205947	Q36180
Q1238197	Q49757
Q1238197	Q36180
Q543586	Q733786
Q543586	Q1234713
Q543586	Q4964182
Q543586	Q901402
Q543586	Q831474
Q543586	Q36180
Q85512039	Q36180
Q12641871	Q82955
Q12641871	Q36180
Q12641871	Q201788
Q3831040	Q733786
Q3831040	Q36180
Q3831040	Q36834
Q4887329	Q3330547
Q4887329	Q733786
Q4887329	Q36180
Q554825	Q188094
Q554825	Q193391
Q554825	Q36180
Q554825	Q215536
Q356298	Q733786
Q356298	Q3330547
Q356298	Q201788
Q356298	Q36180
Q1818805	Q36180
Q1818805	Q333634
Q941537	Q36180
Q941537	Q733786
Q348148	Q49476
Q348148	Q36180
Q360094	Q49757
Q360094	Q36180
Q360094	Q250867
Q360094	Q16533
Q360094	Q193391
Q2161372	Q49757
Q2161372	Q36180
Q2161372	Q37226
Q8208327	Q36180
Q8208327	Q15991187
Q6184	Q36180
Q6184	Q49757
Q3290045	Q333634
Q3290045	Q36180
Q3290045	Q49757
Q366793	Q49757
Q366793	Q36180
Q366793	Q2912782
Q85512355	Q633730
Q85512355	Q36180
Q3757285	Q36180
Q3757285	Q82955
Q1320120	Q39631
Q1320120	Q36180
Q317014	Q36180
Q317014	Q201788
Q317014	Q4964182
Q15820473	Q37226
Q15820473	Q733786
Q15820473	Q36180
Q98718187	Q36180
Q3606217	Q49757
Q3606217	Q36180
Q64168468	Q36180
Q369366	Q1734662
Q369366	Q17166634
Q369366	Q516463
Q369366	Q998628
Q369366	Q1028181
Q369366	Q36180
Q369366	Q733786
Q369366	Q201788
Q9438	Q1234713
Q9438	Q121594
Q9438	Q1469535
Q9438	Q4964182
Q9438	Q36180
Q9438	Q98833890
Q9438	Q548320
Q1679483	Q14467526
Q1679483	Q333634
Q1679483	Q12027957
Q1679483	Q36180
Q41569098	Q39631
Q41569098	Q36180
Q41866	Q4175034
Q41866	Q82955
Q41866	Q39018
Q41866	Q36180
Q983064	Q36180
Q983064	Q14915627
Q654307	Q42603
Q654307	Q49757
Q654307	Q36180
Q2743461	Q36180
Q2743461	Q42603
Q1181859	Q36180
Q1181859	Q214917
Q1181859	Q49757
Q1181859	Q67135648
Q1181859	Q98103687
Q3177714	Q725440
Q3177714	Q36180
Q3177714	Q1234713
Q533755	Q82955
Q533755	Q36180
Q3638904	Q733786
Q3638904	Q36180
Q5506242	Q1104153
Q5506242	Q250867
Q5506242	Q36180
Q1217684	Q36180
Q2822993	Q1234713
Q2822993	Q42603
Q2822993	Q36180
Q1236333	Q733786
Q1236333	Q36180
Q1236333	Q189829
Q322480	Q182436
Q322480	Q36180
Q322480	Q201788
Q322480	Q864380
Q930459	Q49757
Q930459	Q189290
Q930459	Q36180
Q172523	Q36180
Q172523	Q250867
Q3135751	Q42603
Q3135751	Q1234713
Q3135751	Q36180
Q362491	Q36180
Q362491	Q49757
Q709718	Q49757
Q709718	Q250867
Q709718	Q36180
Q6065375	Q161944
Q6065375	Q36180
Q88007944	Q36180
Q1235472	Q3330547
Q1235472	Q36180
Q1235472	Q250867
Q1235472	Q201788
Q982038	Q49757
Q982038	Q193391
Q982038	Q36180
Q982038	Q11900058
Q2948411	Q725440
Q2948411	Q36180
Q1394267	Q14467526
Q1394267	Q49757
Q1394267	Q333634
Q1394267	Q11063
Q1394267	Q36180
Q1394267	Q864380
Q120132	Q185351
Q120132	Q17166634
Q120132	Q49757
Q120132	Q733786
Q120132	Q36180
Q120132	Q1423891
Q298376	Q36180
Q298376	Q24387326
Q298376	Q49757
Q298376	Q11063
Q298376	Q451286
Q257448	Q49757
Q257448	Q36180
Q257448	Q16868675
Q88024399	Q36180
Q294800	Q36180
Q294800	Q185351
Q294800	Q15991187
Q294800	Q29514511
Q294800	Q47064
Q294800	Q49757
Q294800	Q4964182
Q280282	Q17166634
Q280282	Q219477
Q280282	Q36180
Q280282	Q733786
Q567639	Q201788
Q567639	Q36180
Q52166	Q36180
Q52166	Q49757
Q1248100	Q14467526
Q1248100	Q333634
Q1248100	Q2516866
Q1248100	Q49757
Q1248100	Q2468727
Q1248100	Q2504617
Q1248100	Q17598791
Q1248100	Q175151
Q1248100	Q36180
Q5856794	Q42603
Q5856794	Q831474
Q5856794	Q36180
Q359951	Q733786
Q359951	Q201788
Q359951	Q250867
Q359951	Q36180
Q561353	Q36180
Q561353	Q49757
Q788340	Q39631
Q788340	Q36180
Q95000035	Q36180
Q1398	Q49757
Q1398	Q36180
Q577125	Q250867
Q577125	Q36180
Q191039	Q82955
Q191039	Q47064
Q191039	Q36180
Q191039	Q49757
Q347454	Q250867
Q347454	Q49476
Q347454	Q36180
Q21544880	Q36180
Q66909	Q49757
Q66909	Q36180
Q66909	Q4263842
Q88017720	Q36180
Q782074	Q36180
Q782074	Q1234713
Q782074	Q4964182
Q85511854	Q36180
Q85511854	Q733786
Q540099	Q82955
Q540099	Q36180
Q718196	Q49757
Q718196	Q36180
Q550603	Q99899510
Q550603	Q36180
Q550603	Q67102720
Q550603	Q97667506
Q550603	Q98103687
Q561367	Q36180
Q561367	Q13418253
Q561367	Q4964182
Q561367	Q451286
Q662111	Q49757
Q662111	Q36180
Q316119	Q36180
Q316119	Q201788
Q316119	Q82955
Q987125	Q333634
Q987125	Q185351
Q987125	Q36180
Q2626977	Q42603
Q2626977	Q1234713
Q2626977	Q36180
Q88183243	Q36180
Q117841	Q3499072
Q117841	Q36180
Q117841	Q49757
Q4295	Q1234713
Q4295	Q4964182
Q4295	Q36834
Q4295	Q14467526
Q4295	Q49757
Q4295	Q18814623
Q4295	Q14565331
Q4295	Q36180
Q4295	Q4504549
Q573807	Q1234713
Q573807	Q36180
Q573807	Q82955
Q573807	Q4964182
Q573807	Q1622272
Q85512016	Q36180
Q132473	Q36180
Q132473	Q49757
Q132473	Q250867
Q319273	Q201788
Q319273	Q36180
Q319273	Q214917
Q319273	Q49757
Q319273	Q97667506
Q319273	Q12859263
Q1082561	Q1234713
Q1082561	Q42603
Q1082561	Q733786
Q1082561	Q36180
Q4926258	Q733786
Q4926258	Q201788
Q4926258	Q36180
Q1613251	Q4504549
Q1613251	Q36180
Q654858	Q1234713
Q654858	Q36180
Q18925150	Q36180
Q102855745	Q36180
Q1116934	Q17166634
Q1116934	Q36180
Q1116934	Q80687
Q328214	Q201788
Q328214	Q36180
Q320902	Q40348
Q320902	Q36180
Q320902	Q49757
Q320902	Q12859263
Q320902	Q67102720
Q320902	Q97667506
Q320902	Q98103687
Q74332	Q250867
Q74332	Q36180
Q74332	Q201788
Q861511	Q250867
Q861511	Q36180
Q350781	Q487596
Q350781	Q36180
Q350781	Q49757
Q85512151	Q36180
Q1132947	Q831474
Q1132947	Q36180
Q6197	Q49757
Q6197	Q36180
Q6197	Q4964182
Q85512149	Q36180
Q911087	Q36180
Q3767984	Q36180
Q3767984	Q201788
Q456569	Q17166634
Q456569	Q49757
Q456569	Q201788
Q456569	Q2374149
Q456569	Q36180
Q456569	Q42603
Q456569	Q42973
Q456569	Q1234713
Q3302716	Q36180
Q3302716	Q15991187
Q2622892	Q36180
Q2622892	Q49757
Q2622892	Q733786
Q7035599	Q42603
Q7035599	Q36180
Q53679510	Q1104153
Q53679510	Q36180
Q18214321	Q36180
Q899826	Q49757
Q899826	Q333634
Q899826	Q36180
Q727589	Q185351
Q727589	Q82955
Q727589	Q36180
Q379991	Q201788
Q379991	Q36180
Q379991	Q49757
Q734885	Q831474
Q734885	Q201788
Q734885	Q36180
Q1369527	Q36180
Q1369527	Q49757
Q1369527	Q1190123
Q209102	Q36180
Q209102	Q619553
Q209102	Q361809
Q367240	Q14467526
Q367240	Q11063
Q367240	Q333634
Q367240	Q36180
Q367240	Q155647
Q17284944	Q36180
Q1287418	Q39631
Q1287418	Q36180
Q363827	Q36180
Q363827	Q17166634
Q363827	Q49757
Q134682	Q2259532
Q134682	Q250867
Q134682	Q36180
Q2054	Q214917
Q2054	Q49757
Q2054	Q4964182
Q2054	Q3606216
Q2054	Q372436
Q2054	Q82955
Q2054	Q36180
Q5355	Q49757
Q5355	Q36180
Q1544912	Q82955
Q1544912	Q36180
Q1544912	Q1209498
Q1067	Q49757
Q1067	Q36180
Q1067	Q12144794
Q1067	Q82955
Q1067	Q4964182
Q1067	Q15994177
Q1067	Q58968
Q1067	Q14467526
Q704313	Q185351
Q704313	Q99899510
Q704313	Q36180
Q704313	Q67102720
Q704313	Q12859263
Q234533	Q36180
Q11923645	Q39631
Q11923645	Q36180
Q11923645	Q20826540
Q88201937	Q36180
Q770133	Q36180
Q88023278	Q633730
Q88023278	Q36180
Q5959	Q201788
Q5959	Q36180
Q5959	Q82955
Q697789	Q42603
Q697789	Q49476
Q697789	Q36180
Q347198	Q49757
Q347198	Q42603
Q347198	Q36180
Q2403628	Q3621491
Q2403628	Q1636680
Q2403628	Q13418253
Q2403628	Q36180
Q2403628	Q10527030
Q297515	Q901402
Q297515	Q36180
Q297515	Q201788
Q3175222	Q42603
Q3175222	Q49476
Q3175222	Q36180
Q315357	Q4964182
Q315357	Q82955
Q315357	Q36180
Q315357	Q1622272
Q345639	Q49757
Q345639	Q36180
Q59529955	Q250867
Q59529955	Q1234713
Q59529955	Q19829990
Q59529955	Q1731155
Q59529955	Q36180
Q18214704	Q36180
Q705660	Q36180
Q705660	Q4964182
Q705660	Q1234713
Q67222	Q182436
Q67222	Q2468727
Q67222	Q1622272
Q67222	Q36180
Q1442683	Q170790
Q1442683	Q452189
Q1442683	Q36180
Q225201	Q42603
Q225201	Q49757
Q225201	Q36180
Q804774	Q42603
Q804774	Q36180
Q55915183	Q36180
Q15429040	Q36180
Q120138	Q1234713
Q120138	Q36180
Q17485967	Q36180
Q17485967	Q733786
Q17485967	Q432386
Q520487	Q36180
Q520487	Q201788
Q520487	Q901402
Q520487	Q29514511
Q54834395	Q36180
Q54834395	Q733786
Q112024	Q201788
Q112024	Q36180
Q3238490	Q36180
Q316098	Q201788
Q316098	Q47064
Q316098	Q36180
Q4289	Q1234713
Q4289	Q201788
Q4289	Q18814623
Q4289	Q36180
Q4289	Q22929895
Q162135	Q2259532
Q162135	Q250867
Q162135	Q36180
Q2041315	Q201788
Q2041315	Q36180
Q443861	Q36180
Q443861	Q250867
Q443861	Q201788
Q443861	Q88213697
Q65127920	Q36180
Q1454878	Q36180
Q3105983	Q1234713
Q3105983	Q36180
Q1673525	Q4964182
Q1673525	Q36180
Q59357715	Q36180
Q59357715	Q333634
Q59357715	Q175151
Q189776	Q42603
Q189776	Q36180
Q357824	Q1734662
Q357824	Q201788
Q357824	Q36180
Q357824	Q1423891
Q357824	Q82955
Q357824	Q250867
Q110137203	Q250867
Q110137203	Q1234713
Q110137203	Q36180
Q90628	Q4958876
Q90628	Q36180
Q90628	Q733786
Q90628	Q916292
Q90628	Q1423891
Q3388210	Q36180
Q1599024	Q201788
Q1599024	Q36180
Q348087	Q36180
Q6207074	Q42603
Q6207074	Q1234713
Q6207074	Q36180
Q1224938	Q36180
Q3607123	Q36180
Q3607123	Q733786
Q3607123	Q17166634
Q85512009	Q36180
Q122059	Q1234713
Q122059	Q756215
Q122059	Q36180
Q7661708	Q36180
Q7661708	Q49757
Q459604	Q4504549
Q459604	Q1234713
Q459604	Q36180
Q66384729	Q36180
Q2613779	Q36180
Q2613779	Q1234713
Q2613779	Q2109894
Q1248641	Q36180
Q1248641	Q49757
Q431367	Q36180
Q563247	Q250867
Q563247	Q36180
Q112771530	Q36180
Q784373	Q14467526
Q784373	Q4964182
Q784373	Q1622272
Q784373	Q193391
Q784373	Q36180
Q746501	Q42603
Q746501	Q36180
Q1223067	Q1234713
Q1223067	Q250867
Q1223067	Q36180
Q332130	Q1234713
Q332130	Q831474
Q332130	Q998628
Q332130	Q49476
Q332130	Q36180
Q85511864	Q452189
Q85511864	Q36180
Q5298821	Q36180
Q87181552	Q36180
Q160441	Q1234713
Q160441	Q36180
Q160441	Q4964182
Q160441	Q250867
Q160441	Q3055126
Q160441	Q25393460
Q44248	Q2259532
Q44248	Q1234713
Q44248	Q201788
Q44248	Q619553
Q44248	Q24262584
Q44248	Q1146843
Q44248	Q49757
Q44248	Q36180
Q44248	Q19829990
Q44248	Q333634
Q3617330	Q4504549
Q3617330	Q36180
Q264028	Q4964182
Q264028	Q1234713
Q264028	Q1238570
Q264028	Q201788
Q264028	Q864380
Q264028	Q36180
Q264028	Q1469535
Q264028	Q22676333
Q170248	Q214917
Q170248	Q17166634
Q170248	Q49757
Q170248	Q36180
Q170248	Q913870
Q2360461	Q49757
Q2360461	Q193391
Q2360461	Q250867
Q2360461	Q36180
Q2360461	Q2259532
Q71484	Q49757
Q71484	Q36180
Q71484	Q1622272
Q71484	Q955464
Q71484	Q96236305
Q75514061	Q36180
Q99836778	Q11063
Q99836778	Q81096
Q99836778	Q1622272
Q99836778	Q36180
Q99836778	Q2855502
Q99836778	Q47064
Q2039	Q201788
Q2039	Q36180
Q2039	Q49757
Q4708139	Q733786
Q4708139	Q830337
Q4708139	Q36180
Q1164947	Q36180
Q1164947	Q49757
Q708539	Q17166634
Q708539	Q201788
Q708539	Q36180
Q679424	Q36180
Q679424	Q901402
Q1370726	Q36180
Q1370726	Q201788
Q1370726	Q333634
Q1370726	Q733786
Q970929	Q2135469
Q970929	Q36180
Q21545671	Q10527030
Q21545671	Q36180
Q192365	Q82955
Q192365	Q201788
Q192365	Q14915627
Q192365	Q36180
Q192365	Q16031530
Q192365	Q4964182
Q67406296	Q36180
Q3934658	Q16533
Q3934658	Q189010
Q3934658	Q36180
Q1986846	Q201788
Q1986846	Q36180
Q106232581	Q36180
Q2240081	Q36180
Q2240081	Q214917
Q2240081	Q49757
Q932714	Q36180
Q932714	Q24387326
Q932714	Q1234713
Q347218	Q42603
Q347218	Q49476
Q347218	Q36180
Q334188	Q36180
Q334188	Q49757
Q334188	Q182436
Q334188	Q201788
Q334188	Q333634
Q334188	Q11774202
Q334188	Q250867
Q334188	Q10527030
Q334188	Q13418253
Q334188	Q20826540
Q334188	Q1423891
Q334188	Q12144794
Q193058	Q49757
Q193058	Q333634
Q193058	Q36180
Q193058	Q214917
Q395689	Q4964182
Q395689	Q1622272
Q395689	Q36180
Q1541	Q4964182
Q1541	Q49757
Q1541	Q15994177
Q1541	Q185351
Q1541	Q12859263
Q1541	Q36180
Q1541	Q40348
Q1541	Q3409374
Q1541	Q97667506
Q1541	Q98103687
Q1541	Q82955
Q450708	Q82955
Q450708	Q36180
Q450708	Q47064
Q450708	Q201788
Q47163	Q42973
Q47163	Q36180
Q85512556	Q36180
Q85512445	Q49476
Q85512445	Q36180
Q452681	Q42603
Q452681	Q49757
Q452681	Q36180
Q98768334	Q36180
Q193660	Q4964182
Q193660	Q36180
Q193660	Q1234713
Q193660	Q219477
Q193660	Q155647
Q193660	Q49757
Q193660	Q2259532
Q365148	Q36180
Q365148	Q99899510
Q365148	Q97667506
Q365148	Q98103687
Q190240	Q36180
Q190240	Q42603
Q190240	Q4964182
Q3021171	Q250867
Q3021171	Q830337
Q3021171	Q36180
Q61482423	Q36180
Q1571227	Q42603
Q1571227	Q36180
Q2479364	Q17166634
Q2479364	Q864380
Q2479364	Q733786
Q2479364	Q36180
Q3646572	Q36180
Q3646572	Q49757
Q111232204	Q1234713
Q111232204	Q36180
Q111153335	Q36180
Q111153335	Q170790
Q111153335	Q11063
Q542039	Q214917
Q542039	Q36180
Q542039	Q49757
Q542039	Q193391
Q528220	Q49757
Q528220	Q36180
Q31093484	Q42603
Q31093484	Q733786
Q31093484	Q36180
Q16115490	Q193391
Q16115490	Q36180
Q1066534	Q4964182
Q1066534	Q1234713
Q1066534	Q170790
Q1066534	Q1622272
Q1066534	Q36180
Q4182860	Q36180
Q2436996	Q36180
Q531952	Q36180
Q531952	Q49757
Q531952	Q39631
Q2863280	Q49757
Q2863280	Q201788
Q2863280	Q36180
Q2863280	Q185351
Q2863280	Q23072521
Q250414	Q49757
Q250414	Q214917
Q250414	Q1622272
Q250414	Q13418253
Q250414	Q36180
Q17354034	Q36180
Q17354034	Q452189
Q5894646	Q1792450
Q5894646	Q36180
Q5894646	Q1028181
Q352995	Q201788
Q352995	Q36180
Q352995	Q219477
Q352995	Q733786
Q1038381	Q14972848
Q1038381	Q14467526
Q1038381	Q333634
Q1038381	Q36180
Q6752723	Q4773904
Q6752723	Q3621491
Q6752723	Q36180
Q188646	Q49757
Q188646	Q201788
Q188646	Q36180
Q279427	Q42603
Q279427	Q36180
Q313439	Q185351
Q313439	Q36180
Q675928	Q1234713
Q675928	Q4964182
Q675928	Q36180
Q316534	Q4504549
Q316534	Q36180
Q3635444	Q36180
Q3635444	Q3606216
Q109240056	Q36180
Q7926487	Q36180
Q7926487	Q250867
Q17002216	Q49757
Q17002216	Q361809
Q17002216	Q4964182
Q17002216	Q36180
Q3049131	Q42603
Q3049131	Q49476
Q3049131	Q36180
Q13554539	Q201788
Q13554539	Q36180
Q13554539	Q1664338
Q318317	Q36180
Q318317	Q49757
Q709941	Q36180
Q709941	Q82955
Q445928	Q99899510
Q445928	Q36180
Q445928	Q67102720
Q12270006	Q36180
Q70991	Q18805
Q70991	Q36180
Q70991	Q36834
Q70991	Q4964182
Q70991	Q998628
Q70991	Q39631
Q70991	Q191808
Q70991	Q49757
Q70991	Q1234713
Q70991	Q1646408
Q2978575	Q361809
Q2978575	Q49757
Q2978575	Q36180
Q634807	Q49757
Q634807	Q767975
Q634807	Q36180
Q306658	Q170790
Q306658	Q36180
Q306658	Q4964182
Q306658	Q733786
Q306658	Q733786
Q71597	Q14467526
Q71597	Q36180
Q71597	Q1622272
Q1602348	Q201788
Q1602348	Q36180
Q1602348	Q250867
Q222890	Q1234713
Q222890	Q250867
Q222890	Q36180
Q243203	Q49757
Q243203	Q36180
Q104183238	Q6673651
Q104183238	Q4964182
Q104183238	Q36180
Q302936	Q82955
Q302936	Q250867
Q302936	Q49757
Q302936	Q36180
Q705919	Q49757
Q705919	Q82955
Q705919	Q36180
Q3290763	Q191808
Q3290763	Q36180
Q3290763	Q12328016
Q742	Q214917
Q742	Q49757
Q742	Q333634
Q742	Q8178443
Q742	Q201788
Q742	Q36180
Q1524158	Q36180
Q1524158	Q1234713
Q113995103	Q36180
Q722563	Q250867
Q722563	Q49476
Q722563	Q36180
Q722563	Q1234713
Q882363	Q182436
Q882363	Q36834
Q882363	Q333634
Q882363	Q36180
Q882363	Q49757
Q926229	Q36180
Q926229	Q49757
Q926229	Q451286
Q453698	Q250867
Q453698	Q36180
Q1872515	Q333634
Q1872515	Q36180
Q468641	Q39631
Q468641	Q333634
Q468641	Q36180
Q468641	Q733786
Q1393342	Q201788
Q1393342	Q36180
Q472833	Q42603
Q472833	Q36180
Q154332	Q1234713
Q154332	Q49757
Q154332	Q42603
Q154332	Q2259532
Q154332	Q36180
Q154332	Q4964182
Q348198	Q36180
Q12768221	Q36180
Q12768221	Q98833890
Q12768221	Q250867
Q315871	Q15991187
Q315871	Q201788
Q315871	Q4964182
Q315871	Q2468727
Q315871	Q13418253
Q315871	Q10527030
Q315871	Q1622272
Q315871	Q36180
Q928522	Q49757
Q928522	Q250867
Q928522	Q36180
Q5376	Q201788
Q5376	Q36180
Q5376	Q733786
Q5376	Q1423891
Q5376	Q3330547
Q1411	Q82955
Q1411	Q201788
Q1411	Q215909
Q1411	Q36180
Q43922	Q1469535
Q43922	Q36180
Q43922	Q157037
Q214115	Q36180
Q214115	Q13418253
Q214115	Q1622272
Q214115	Q4964182
Q3114842	Q1743122
Q3114842	Q4504549
Q3114842	Q36180
Q3114842	Q201788
Q3114842	Q1423891
Q3114842	Q161944
Q682860	Q201788
Q682860	Q36180
Q682860	Q49757
Q922068	Q1234713
Q922068	Q36180
Q961185	Q36180
Q961185	Q733786
Q2080920	Q11063
Q2080920	Q1234713
Q2080920	Q36180
Q2080920	Q333634
Q2080920	Q155647
Q2080920	Q133485
Q2080920	Q39631
Q285693	Q250867
Q285693	Q36180
Q97061463	Q733786
Q97061463	Q36180
Q905114	Q11900058
Q905114	Q49757
Q905114	Q36180
Q905114	Q11063
Q905114	Q42603
Q905114	Q901402
Q87269831	Q36180
Q87269831	Q37226
Q88007710	Q36180
Q504518	Q250867
Q504518	Q36180
Q85512466	Q36180
Q4713134	Q36180
Q4713134	Q40348
Q85689860	Q733786
Q85689860	Q36180
Q105276	Q250867
Q105276	Q36180
Q715214	Q250867
Q715214	Q36180
Q44344	Q1234713
Q44344	Q250867
Q44344	Q4964182
Q44344	Q36180
Q44344	Q452189
Q234593	Q49757
Q234593	Q36180
Q234593	Q82955
Q234593	Q47064
Q379829	Q42603
Q379829	Q36180
Q88024556	Q36180
Q823033	Q10527030
Q823033	Q36180
Q823033	Q193391
Q88012152	Q36180
Q776768	Q36180
Q297377	Q82955
Q297377	Q212238
Q297377	Q36180
Q297377	Q13582652
Q297377	Q81096
Q297377	Q47064
Q297377	Q42973
Q4718389	Q36180
Q4718389	Q1234713
Q707449	Q16031530
Q707449	Q36180
Q707449	Q49757
Q47160	Q11914886
Q47160	Q214917
Q47160	Q36180
Q43954	Q36180
Q43954	Q250867
Q775238	Q49757
Q775238	Q36180
Q380089	Q733786
Q380089	Q1234713
Q380089	Q36180
Q55874272	Q201788
Q55874272	Q36180
Q471069	Q36180
Q471069	Q201788
Q1231590	Q36180
Q1231590	Q24387326
Q59737	Q49757
Q59737	Q36180
Q59737	Q333634
Q59737	Q214917
Q43499	Q333634
Q43499	Q4964182
Q43499	Q1234713
Q43499	Q37226
Q43499	Q11774202
Q43499	Q24262584
Q43499	Q36180
Q43499	Q4381978
Q43499	Q17598791
Q43499	Q1469535
Q43499	Q1622272
Q5656	Q36180
Q5656	Q4964182
Q5656	Q28146366
Q747578	Q36180
Q747578	Q451286
Q2097909	Q36180
Q1516858	Q49757
Q1516858	Q36180
Q3133525	Q250867
Q3133525	Q864380
Q3133525	Q36180
Q74243	Q36180
Q74243	Q201788
Q74243	Q82955
Q74243	Q47064
Q176833	Q36180
Q176833	Q201788
Q176833	Q49757
Q176833	Q1792450
Q62668	Q185351
Q62668	Q250867
Q62668	Q12027957
Q62668	Q36180
Q62668	Q1234713
Q3122230	Q42603
Q3122230	Q36180
Q671419	Q42603
Q671419	Q36180
Q3893707	Q36180
Q3893707	Q201788
Q3893707	Q49757
Q7604	Q170790
Q7604	Q169470
Q7604	Q1622272
Q7604	Q36180
Q7604	Q16031530
Q7604	Q11063
Q7604	Q901
Q7604	Q205375
Q7604	Q115977859
Q9374974	Q36180
Q9374974	Q4964182
Q9374974	Q250867
Q9374974	Q37226
Q741160	Q36180
Q741160	Q49757
Q741160	Q201788
Q5933252	Q733786
Q5933252	Q201788
Q5933252	Q36180
Q1799823	Q36180
Q312420	Q39631
Q312420	Q36180
Q126296	Q733786
Q126296	Q36180
Q302723	Q14972848
Q302723	Q16267607
Q302723	Q36180
Q302723	Q49757
Q545114	Q36180
Q545114	Q49757
Q867206	Q49757
Q867206	Q250867
Q867206	Q36180
Q867206	Q333634
Q1848481	Q42603
Q1848481	Q36180
Q437898	Q80687
Q437898	Q36180
Q437898	Q18810149
Q55835458	Q250867
Q55835458	Q36180
Q55835458	Q1234713
Q316054	Q36180
Q316054	Q49757
Q316054	Q97667506
Q316054	Q82955
Q355350	Q36180
Q355350	Q451286
Q355350	Q13418253
Q355350	Q49757
Q1750555	Q250867
Q1750555	Q36180
Q975318	Q201788
Q975318	Q36180
Q975318	Q67102720
Q130997	Q250867
Q130997	Q36180
Q130997	Q49757
Q3646779	Q36180
Q85511927	Q36180
Q59530163	Q36180
Q59530163	Q49757
Q59530163	Q201788
Q284255	Q4504549
Q284255	Q36180
Q826271	Q49757
Q826271	Q36180
Q826271	Q733786
Q85512223	Q36180
Q314981	Q1234713
Q314981	Q333634
Q314981	Q36180
Q314981	Q1622272
Q314981	Q214917
Q314981	Q24262584
Q314981	Q13424456
Q314981	Q4504549
Q314981	Q49757
Q314981	Q201788
Q193800	Q49757
Q193800	Q36180
Q193800	Q201788
Q225857	Q36180
Q225857	Q901402
Q41616825	Q49476
Q41616825	Q36180
Q314677	Q214917
Q314677	Q49757
Q314677	Q36180
Q314677	Q1028181
Q959633	Q13418253
Q959633	Q49757
Q959633	Q36180
Q959633	Q4263842
Q103940	Q36180
Q1133728	Q201788
Q1133728	Q36180
Q781386	Q36180
Q781386	Q185351
Q154938	Q17166634
Q154938	Q49757
Q154938	Q1743122
Q154938	Q333634
Q154938	Q1234713
Q154938	Q36180
Q154938	Q24262584
Q154938	Q201788
Q154938	Q13424456
Q540511	Q250867
Q540511	Q36180
Q540511	Q2109894
Q1230495	Q42603
Q1230495	Q36180
Q920309	Q250867
Q920309	Q36180
Q102437103	Q36180
Q18719525	Q36180
Q458981	Q14915627
Q458981	Q16031530
Q458981	Q36834
Q458981	Q36180
Q458981	Q639669
Q105296788	Q6673651
Q105296788	Q36180
Q473620	Q49757
Q473620	Q36180
Q947576	Q201788
Q947576	Q67102720
Q947576	Q36180
Q253997	Q16031530
Q253997	Q14915627
Q253997	Q36834
Q253997	Q36180
Q253997	Q49757
Q253997	Q1234713
Q253997	Q733786
Q253997	Q17166634
Q11926034	Q36180
Q24251440	Q2478141
Q24251440	Q40348
Q24251440	Q36180
Q24251440	Q49757
Q24251440	Q17598791
Q24251440	Q12859263
Q1354979	Q36180
Q55133349	Q36180
Q55133349	Q201788
Q55133349	Q42603
Q5652	Q49757
Q5652	Q733786
Q5652	Q201788
Q5652	Q36180
Q15984783	Q36180
Q15984783	Q639669
Q172198	Q201788
Q172198	Q36180
Q172198	Q47064
Q172198	Q49757
Q517095	Q42603
Q517095	Q831474
Q517095	Q36180
Q106611850	Q1234713
Q106611850	Q36180
Q96439900	Q36180
Q785241	Q4964182
Q785241	Q1234713
Q785241	Q733786
Q785241	Q36180
Q60845243	Q36180
Q313934	Q4964182
Q313934	Q36180
Q313934	Q212238
Q313934	Q16031530
Q313934	Q13418253
Q313934	Q49757
Q1107869	Q11063
Q1107869	Q193391
Q1107869	Q36180
Q508117	Q36180
Q508117	Q99899510
Q508117	Q97667506
Q508117	Q98103687
Q1398914	Q361809
Q1398914	Q36180
Q85512378	Q36180
Q206119	Q36180
Q206119	Q49757
Q206119	Q16031530
Q206119	Q4964182
Q206119	Q99899510
Q206119	Q451286
Q206119	Q67102720
Q206119	Q98103687
Q363375	Q36180
Q363375	Q214917
Q363375	Q49757
Q363375	Q4964182
Q363375	Q33999
Q1106691	Q201788
Q1106691	Q250867
Q1106691	Q733786
Q1106691	Q36180
Q168707	Q36180
Q168707	Q82955
Q168707	Q49757
Q168707	Q40348
Q168707	Q201788
Q168707	Q47064
Q168707	Q599151
Q168707	Q185351
Q168707	Q212238
Q188411	Q1234713
Q188411	Q36180
Q188411	Q4964182
Q188411	Q4504549
Q188411	Q13424456
Q188411	Q12328016
Q188411	Q2566598
Q1215304	Q250867
Q1215304	Q12027957
Q1215304	Q36180
Q1215304	Q89566537
Q109876774	Q36180
Q5647216	Q36180
Q20004924	Q36180
Q4820327	Q36180
Q181983	Q212238
Q181983	Q36180
Q572799	Q17166634
Q572799	Q36180
Q572799	Q42603
Q572799	Q4964182
Q71606	Q49757
Q71606	Q36180
Q71606	Q3621491
Q71606	Q201788
Q5271	Q49757
Q5271	Q36180
Q5271	Q767975
Q188344	Q49757
Q188344	Q201788
Q188344	Q36180
Q188344	Q250867
Q711964	Q4964182
Q711964	Q36180
Q711964	Q49757
Q711964	Q1792450
Q539422	Q250867
Q539422	Q733786
Q539422	Q36180
Q461678	Q39631
Q461678	Q36180
Q712537	Q49757
Q712537	Q201788
Q712537	Q36180
Q456069	Q36180
Q456069	Q250867
Q456069	Q49476
Q456069	Q1234713
Q48772589	Q36180
Q48772589	Q831474
Q348408	Q36180
Q348408	Q49757
Q348408	Q16031530
Q348408	Q4964182
Q775638	Q36180
Q775638	Q250867
Q775638	Q49757
Q154526	Q201788
Q154526	Q831474
Q154526	Q36180
Q154526	Q864380
Q3629754	Q4964182
Q3629754	Q36180
Q3629754	Q16267607
Q3629754	Q13418253
Q3629754	Q201788
Q3629754	Q1636680
Q3629754	Q6051619
Q3629754	Q1607826
Q3629754	Q10527030
Q3624745	Q36180
Q3189849	Q201788
Q3189849	Q36180
Q25070	Q36180
Q25070	Q201788
Q25070	Q4964182
Q25070	Q1469535
Q10993086	Q36180
Q10993086	Q201788
Q10993086	Q82955
Q1376763	Q49757
Q1376763	Q36180
Q1376763	Q42603
Q1366054	Q49757
Q1366054	Q333634
Q1366054	Q214917
Q1366054	Q36180
Q2161	Q201788
Q2161	Q82955
Q2161	Q47064
Q2161	Q49757
Q2161	Q4964182
Q2161	Q864380
Q2161	Q67102720
Q2161	Q185351
Q2161	Q36180
Q42544	Q4964182
Q42544	Q201788
Q42544	Q1234713
Q42544	Q82955
Q42544	Q49757
Q42544	Q372436
Q42544	Q6625963
Q42544	Q1209498
Q42544	Q16533
Q42544	Q193391
Q42544	Q36180
Q85512425	Q830337
Q85512425	Q36180
Q43936	Q4964182
Q43936	Q1234713
Q43936	Q14565331
Q43936	Q169470
Q43936	Q36180
Q1115768	Q49757
Q1115768	Q36180
Q193506	Q36180
Q193506	Q97667506
Q193506	Q98103687
Q193506	Q82955
Q584833	Q250867
Q584833	Q36180
Q3852246	Q36180
Q1699269	Q49757
Q1699269	Q36180
Q1699269	Q4263842
Q5661	Q36180
Q5661	Q201788
Q1056198	Q36180
Q1056198	Q361809
Q11922242	Q36180
Q11922242	Q15991187
Q1527067	Q36180
Q1527067	Q201788
Q329274	Q185351
Q329274	Q36180
Q329274	Q97667506
Q521520	Q36180
Q521520	Q82955
Q521520	Q201788
Q521520	Q47064
Q2098	Q49757
Q2098	Q36180
Q649722	Q36180
Q649722	Q17166634
Q649722	Q1234713
Q4975525	Q548320
Q4975525	Q36180
Q5343193	Q864380
Q5343193	Q36180
Q69764651	Q16009129
Q69764651	Q36180
Q69764651	Q3243461
Q69764651	Q201788
Q1390790	Q36180
Q1390790	Q82955
Q21543928	Q333634
Q21543928	Q36180
Q21543928	Q13418253
Q21543928	Q185351
Q107423743	Q36180
Q107423743	Q214917
Q107423743	Q49757
Q107423743	Q333634
Q68335	Q36180
Q68335	Q193391
Q68335	Q250867
Q88014433	Q36180
Q104183414	Q36180
Q344278	Q185351
Q344278	Q82955
Q344278	Q36180
Q1404942	Q250867
Q1404942	Q36180
Q2898857	Q733786
Q2898857	Q36180
Q76738	Q14467526
Q76738	Q170790
Q76738	Q1350189
Q76738	Q14915627
Q76738	Q16031530
Q76738	Q270141
Q76738	Q205375
Q76738	Q250867
Q76738	Q11063
Q76738	Q864503
Q76738	Q3621491
Q76738	Q1622272
Q76738	Q36180
Q76738	Q169470
Q76738	Q1234713
Q76738	Q520549
Q76738	Q7940086
Q76738	Q10333969
Q76738	Q36834
Q76738	Q201788
Q76738	Q18805
Q3925336	Q82955
Q3925336	Q47064
Q3925336	Q36180
Q6313735	Q36180
Q6313735	Q451286
Q529302	Q4964182
Q529302	Q250867
Q529302	Q1234713
Q529302	Q36180
Q3170679	Q1234713
Q3170679	Q36180
Q3170679	Q10567966
Q1617594	Q42603
Q1617594	Q36180
Q1617594	Q1234713
Q738491	Q17166634
Q738491	Q36180
Q278370	Q36180
Q278370	Q42603
Q278370	Q1234713
Q934244	Q14467526
Q934244	Q36180
Q934244	Q49757
Q583077	Q42603
Q583077	Q1234713
Q583077	Q36180
Q3158307	Q4504549
Q3158307	Q36180
Q211133	Q193391
Q211133	Q49757
Q211133	Q36180
Q211133	Q1792450
Q102851	Q4964182
Q102851	Q372436
Q102851	Q36180
Q102851	Q14915627
Q102851	Q16031530
Q102851	Q82955
Q102851	Q170790
Q102851	Q333634
Q1221013	Q1781198
Q1221013	Q36180
Q614256	Q49757
Q614256	Q201788
Q614256	Q36180
Q614256	Q3330547
Q312314	Q36180
Q312314	Q250867
Q312314	Q1146843
Q312314	Q97722145
Q183420	Q14972848
Q183420	Q36180
Q55912948	Q36180
Q55912948	Q2566598
Q55912948	Q250867
Q542434	Q36180
Q542434	Q4964182
Q542434	Q201788
Q542434	Q2468727
Q261218	Q250867
Q261218	Q36180
Q261218	Q4964182
Q261218	Q1234713
Q28862342	Q36180
Q5507858	Q12027957
Q5507858	Q1234713
Q5507858	Q161944
Q5507858	Q36180
Q8018648	Q49757
Q8018648	Q36180
Q540364	Q214917
Q540364	Q36180
Q540364	Q49757
Q2506510	Q42603
Q2506510	Q36180
Q5442387	Q42603
Q5442387	Q36180
Q86681715	Q82955
Q86681715	Q37226
Q86681715	Q42603
Q86681715	Q36180
Q475001	Q36180
Q535494	Q49757
Q535494	Q36180
Q314694	Q82955
Q314694	Q36180
Q314694	Q201788
Q185732	Q36180
Q185732	Q49757
Q185732	Q3064032
Q88008486	Q36180
Q605295	Q49757
Q605295	Q36180
Q315149	Q11900058
Q315149	Q250867
Q315149	Q193391
Q315149	Q201788
Q315149	Q36180
Q315149	Q219477
Q9554	Q333634
Q9554	Q1234713
Q9554	Q121594
Q9554	Q97722086
Q9554	Q40348
Q9554	Q24262584
Q9554	Q13424456
Q9554	Q763779
Q9554	Q831474
Q9554	Q4964182
Q9554	Q152002
Q9554	Q36180
Q9554	Q432386
Q9554	Q36834
Q2831705	Q185351
Q2831705	Q36180
Q88014520	Q36180
Q88014520	Q733786
Q819901	Q1234713
Q819901	Q193391
Q819901	Q250867
Q819901	Q49476
Q819901	Q36180
Q536943	Q17166634
Q536943	Q36180
Q1388231	Q201788
Q1388231	Q36180
Q689903	Q201788
Q689903	Q42603
Q689903	Q36180
Q559874	Q82955
Q559874	Q36180
Q559874	Q47064
Q559874	Q49757
Q11917197	Q36180
Q1222667	Q250867
Q1222667	Q36180
Q772564	Q36180
Q94440464	Q36180
Q94440464	Q17598791
Q94440464	Q1234713
Q88007450	Q733786
Q88007450	Q36180
Q190388	Q36180
Q190388	Q49757
Q190388	Q250867
Q111153839	Q333634
Q111153839	Q36180
Q19833761	Q250867
Q19833761	Q36180
Q4962054	Q49757
Q4962054	Q36180
Q355732	Q49757
Q355732	Q36180
Q184500	Q4964182
Q184500	Q333634
Q184500	Q36180
Q184500	Q42603
Q85512295	Q733786
Q85512295	Q36180
Q2280386	Q201788
Q2280386	Q36180
Q2280386	Q42603
Q2280386	Q12027957
Q3772813	Q42603
Q3772813	Q36180
Q115851	Q1234713
Q115851	Q333634
Q115851	Q14467526
Q115851	Q36180
Q11729424	Q36180
Q64900798	Q1190552
Q64900798	Q36180
Q85512442	Q36180
Q85754257	Q733786
Q85754257	Q36180
Q774567	Q36180
Q774567	Q250867
Q312386	Q201788
Q312386	Q36180
Q85512330	Q2259532
Q85512330	Q36180
Q336803	Q4964182
Q336803	Q36180
Q336803	Q36834
Q336803	Q49757
Q1909428	Q49757
Q1909428	Q36180
Q1909428	Q250867
Q3155085	Q36180
Q3155085	Q55631411
Q109832842	Q1234713
Q109832842	Q36180
Q3028750	Q36180
Q100319678	Q36180
Q1401220	Q49757
Q1401220	Q36180
Q1401220	Q201788
Q1401220	Q201257
Q354813	Q49757
Q354813	Q36834
Q354813	Q14915627
Q354813	Q201788
Q354813	Q36180
Q3109132	Q250867
Q3109132	Q36180
Q5504749	Q36180
Q5504749	Q49757
Q5504749	Q733786
Q5504749	Q17166634
Q324468	Q42603
Q324468	Q36180
Q42827	Q193391
Q42827	Q1469535
Q42827	Q36180
Q95729	Q14915627
Q95729	Q16031530
Q95729	Q1234713
Q95729	Q36180
Q104553149	Q36180
Q1232314	Q17166634
Q1232314	Q36180
Q99365045	Q36180
Q85512437	Q36180
Q989	Q1469535
Q989	Q49757
Q989	Q82955
Q989	Q36180
Q989	Q1476215
Q989	Q121594
Q989	Q4964182
Q989	Q7834465
Q989	Q105169902
Q137934	Q42973
Q137934	Q201788
Q137934	Q36180
Q137934	Q733786
Q137934	Q82955
Q60351	Q49757
Q60351	Q822146
Q60351	Q1209498
Q60351	Q4964182
Q60351	Q36180
Q68848	Q16267607
Q68848	Q15632632
Q68848	Q5758653
Q68848	Q36180
Q46592455	Q36180
Q46592455	Q182436
Q46592455	Q733786
Q315163	Q201788
Q315163	Q36180
Q315163	Q3621491
Q315163	Q333634
Q315163	Q1622272
Q315163	Q2468727
Q315163	Q49757
Q315163	Q2004963
Q315163	Q13418253
Q3051128	Q49757
Q3051128	Q36180
Q3157540	Q49757
Q3157540	Q36180
Q3157540	Q16267607
Q85512560	Q733786
Q85512560	Q36180
Q85511970	Q36180
Q367422	Q36180
Q367422	Q155647
Q367422	Q11063
Q367422	Q49757
Q85511869	Q733786
Q85511869	Q36180
Q3504283	Q639669
Q3504283	Q39631
Q3504283	Q201788
Q3504283	Q4964182
Q3504283	Q36834
Q3504283	Q2310145
Q3504283	Q36180
Q1281873	Q1234713
Q1281873	Q49757
Q1281873	Q20826540
Q1281873	Q733786
Q1281873	Q36180
Q1281873	Q4964182
Q283387	Q39631
Q283387	Q36180
Q283387	Q42603
Q283387	Q333634
Q283387	Q42973
Q283387	Q49476
Q283387	Q49757
Q85512525	Q36180
Q43689	Q36180
Q43689	Q4964182
Q43689	Q1234713
Q43689	Q250867
Q43689	Q82955
Q5198	Q36180
Q5198	Q1234713
Q5198	Q49757
Q5198	Q767975
Q994757	Q36180
Q1001949	Q451286
Q1001949	Q36180
Q1001949	Q82955
Q311733	Q36180
Q311733	Q4964182
Q311733	Q806798
Q311733	Q49757
Q311733	Q99899510
Q311733	Q67102720
Q311733	Q97667506
Q99991648	Q36180
Q160424	Q201788
Q160424	Q49757
Q160424	Q2109894
Q160424	Q36180
Q102179363	Q12859263
Q102179363	Q49757
Q102179363	Q4964182
Q102179363	Q36180
Q102179363	Q37226
Q221465	Q201788
Q221465	Q831474
Q221465	Q36180
Q1474972	Q354034
Q1474972	Q201788
Q1474972	Q36180
Q1474972	Q1028181
Q111232218	Q36180
Q2080968	Q36180
Q2080968	Q182436
Q2080968	Q82955
Q2080968	Q635734
Q298729	Q49757
Q298729	Q36180
Q772773	Q39631
Q772773	Q2374149
Q772773	Q36180
Q3081125	Q36180
Q3041516	Q36180
Q3041516	Q1234713
Q45031931	Q36180
Q45031931	Q831474
Q380647	Q4964182
Q380647	Q36180
Q380647	Q250867
Q380647	Q1234713
Q24548	Q13418253
Q24548	Q451286
Q24548	Q36180
Q41569724	Q39631
Q41569724	Q4964182
Q41569724	Q155647
Q41569724	Q36180
Q2871655	Q1234713
Q2871655	Q36180
Q172048	Q11914886
Q172048	Q49757
Q172048	Q36180
Q1133958	Q49757
Q1133958	Q36180
Q168443	Q49757
Q168443	Q201788
Q168443	Q36180
Q3622537	Q14915627
Q3622537	Q452189
Q3622537	Q36180
Q3622537	Q16031530
Q539434	Q49757
Q539434	Q193391
Q539434	Q36180
Q356433	Q36180
Q356433	Q4964182
Q356433	Q49757
Q8827	Q49757
Q8827	Q36180
Q8827	Q16868675
Q190089	Q4964182
Q190089	Q1234713
Q190089	Q1622272
Q190089	Q36180
Q190089	Q105200214
Q190089	Q2029179
Q190089	Q1569495
Q190089	Q2138822
Q190089	Q105200154
Q190089	Q352507
Q190089	Q432386
Q4942096	Q250867
Q4942096	Q36180
Q454553	Q36180
Q454553	Q17166634
Q454553	Q14915627
Q454553	Q36834
Q8825	Q49757
Q8825	Q82955
Q8825	Q12859263
Q8825	Q36180
Q8825	Q47064
Q8825	Q26237228
Q8825	Q16868675
Q1278967	Q49757
Q1278967	Q13418253
Q1278967	Q36180
Q8820	Q36180
Q8820	Q214917
Q8820	Q49757
Q3127452	Q36180
Q3127452	Q733786
Q850346	Q36180
Q1460007	Q36180
Q1460007	Q39631
Q268235	Q49757
Q268235	Q36180
Q550353	Q14972848
Q550353	Q14467526
Q550353	Q36180
Q94139150	Q36180
Q670317	Q82955
Q670317	Q36180
Q670317	Q201788
Q4821868	Q42603
Q4821868	Q36180
Q3776547	Q201788
Q3776547	Q36180
Q311456	Q201788
Q311456	Q36180
Q311456	Q1234713
Q311456	Q250867
Q11697706	Q36180
Q70236	Q36180
Q70236	Q1622272
Q70236	Q250867
Q70236	Q1234713
Q347250	Q49757
Q347250	Q82955
Q347250	Q36180
Q347250	Q185351
Q275425	Q201788
Q275425	Q36180
Q275425	Q3330547
Q275425	Q250867
Q199496	Q2259532
Q199496	Q250867
Q199496	Q36180
Q3120120	Q250867
Q3120120	Q42973
Q3120120	Q2259532
Q3120120	Q1636680
Q3120120	Q36180
Q3120120	Q193391
Q3120120	Q1104153
Q3120120	Q20826540
Q3120120	Q64934518
Q3120120	Q4964182
Q85512249	Q49476
Q85512249	Q36180
Q68091	Q1636680
Q68091	Q1234713
Q68091	Q49757
Q68091	Q36180
Q16208204	Q36180
Q164823	Q82955
Q164823	Q4964182
Q164823	Q2566598
Q164823	Q36180
Q164823	Q432386
Q164823	Q1234713
Q164823	Q763779
Q503187	Q185351
Q503187	Q36180
Q503187	Q40348
Q503187	Q97667506
Q503187	Q98103687
Q66673	Q36180
Q66673	Q201788
Q660426	Q42603
Q660426	Q36180
Q2994436	Q14467526
Q2994436	Q82955
Q2994436	Q49757
Q2994436	Q451286
Q2994436	Q36180
Q1394175	Q36180
Q1394175	Q3330547
Q85511874	Q36180
Q7170	Q99899510
Q7170	Q36180
Q7170	Q49757
Q7170	Q97667506
Q7170	Q98103687
Q7170	Q201788
Q432089	Q36180
Q432089	Q82955
Q1303874	Q201788
Q1303874	Q36180
Q1245175	Q49757
Q1245175	Q36180
Q657809	Q82955
Q657809	Q36180
Q741439	Q201788
Q741439	Q36180
Q741439	Q733786
Q2927945	Q193391
Q2927945	Q36180
Q319423	Q36180
Q319423	Q40348
Q3340916	Q36180
Q3340916	Q733786
Q76743	Q98833883
Q76743	Q66780166
Q76743	Q4988856
Q76743	Q36180
Q76743	Q1607826
Q76743	Q1234713
Q76743	Q17132038
Q76743	Q13418253
Q88005078	Q733786
Q88005078	Q36180
Q182128	Q4964182
Q182128	Q36180
Q22582502	Q36180
Q5561313	Q36180
Q603706	Q4594605
Q603706	Q36180
Q603706	Q49757
Q16835817	Q36180
Q29216309	Q36180
Q867394	Q99899510
Q867394	Q36180
Q867394	Q67102720
Q867394	Q97667506
Q867394	Q98103687
Q867394	Q98706077
Q517177	Q733786
Q517177	Q36180
Q517177	Q37226
Q517177	Q4964182
Q272497	Q36180
Q272497	Q49757
Q272497	Q37226
Q4313	Q1234713
Q4313	Q4964182
Q4313	Q37226
Q4313	Q49757
Q4313	Q36180
Q4313	Q201788
Q738554	Q14467526
Q738554	Q49757
Q738554	Q42603
Q738554	Q171692
Q738554	Q36180
Q1808207	Q36180
Q1808207	Q733786
Q1808207	Q1234713
Q1451726	Q15991187
Q1451726	Q36180
